Estação,Precipitação,Temperatura,Umidade,Vento,Índice de produção
Verão,0.438637763261795,29.965770721435547,68.96167755126953,2.0839874744415283,59.26716414936701
Outono,0.9217929840087892,29.365915298461918,76.3218002319336,1.3720104694366455,92.6115879122764
Inverno,0.0378793813288211,32.581966400146484,50.14625930786133,1.954189419746399,21.292546375172186
Primavera,0.0088131763041019,35.0054931640625,40.33065414428711,2.4168879985809326,0.0
